login,full_name,created_at,stargazers_count,watchers_count,language,has_projects,has_wiki,license_name
iam-veeramalla,iam-veeramalla/observability-zero-to-hero,2023-03-16T14:41:25Z,1496,1496,Go,true,true,
iam-veeramalla,iam-veeramalla/community-operators-prod,2023-08-16T17:04:56Z,106,106,Dockerfile,true,false,apache-2.0
iam-veeramalla,iam-veeramalla/community-operators,2023-08-11T18:48:35Z,101,101,Dockerfile,true,false,apache-2.0
iam-veeramalla,iam-veeramalla/MERN-docker-compose,2024-08-31T17:17:07Z,82,82,JavaScript,true,true,
iam-veeramalla,iam-veeramalla/argocd-operator,2023-07-03T09:46:13Z,238,238,,true,false,apache-2.0
iam-veeramalla,iam-veeramalla/Jenkins-Zero-To-Hero,2023-02-01T04:33:00Z,6493,6493,Python,true,true,mit
iam-veeramalla,iam-veeramalla/python-for-devops,2023-10-12T11:39:21Z,2763,2763,Python,true,true,mit
iam-veeramalla,iam-veeramalla/aws-devops-zero-to-hero,2023-06-19T06:13:08Z,6819,6819,Python,true,true,apache-2.0
iam-veeramalla,iam-veeramalla/shell-scripting-projects,2023-04-14T12:33:44Z,871,871,Shell,true,true,
iam-veeramalla,iam-veeramalla/ansible-zero-to-hero,2024-05-15T12:27:58Z,608,608,HTML,true,false,apache-2.0
iam-veeramalla,iam-veeramalla/go-web-app,2024-07-06T18:04:42Z,142,142,HTML,true,false,apache-2.0
iam-veeramalla,iam-veeramalla/GitHub-Actions-Zero-to-Hero,2023-02-02T11:37:22Z,1201,1201,Python,true,true,
iam-veeramalla,iam-veeramalla/Docker-Zero-to-Hero,2023-02-07T13:42:10Z,3846,3846,,true,true,
iam-veeramalla,iam-veeramalla/Kubernetes-Zero-to-Hero,2023-02-22T13:00:20Z,1558,1558,,true,true,
iam-veeramalla,iam-veeramalla/terraform-eks,2024-03-25T15:20:52Z,295,295,HCL,true,true,apache-2.0
iam-veeramalla,iam-veeramalla/three-tier-architecture-demo,2023-12-29T17:39:21Z,526,526,JavaScript,true,true,apache-2.0
iam-veeramalla,iam-veeramalla/terraform-zero-to-hero,2023-08-31T14:39:52Z,2390,2390,HCL,true,true,
iam-veeramalla,iam-veeramalla/gitops-operator,2023-07-12T11:56:21Z,228,228,Go,true,true,apache-2.0
iam-veeramalla,iam-veeramalla/go-web-app-devops,2024-07-19T06:09:18Z,184,184,HTML,true,true,apache-2.0
iam-veeramalla,iam-veeramalla/kubernetes-troubleshooting-zero-to-hero,2024-03-19T19:10:37Z,452,452,Dockerfile,true,false,apache-2.0
iam-veeramalla,iam-veeramalla/devops-interview-preparation-guide,2023-07-31T12:15:31Z,676,676,,true,true,apache-2.0
iam-veeramalla,iam-veeramalla/cicd-end-to-end,2022-10-14T09:26:34Z,498,498,Python,true,true,apache-2.0
iam-veeramalla,iam-veeramalla/sandbox,2021-08-23T16:29:34Z,155,155,,true,true,
iam-veeramalla,iam-veeramalla/write_your_first_terraform_project,2023-01-29T10:38:58Z,488,488,HCL,true,true,
iam-veeramalla,iam-veeramalla/Azure-zero-to-hero,2023-12-27T10:01:11Z,2713,2713,HCL,true,false,mit
iam-veeramalla,iam-veeramalla/CKA-2024,2024-06-28T17:47:59Z,36,36,Dockerfile,true,true,
iam-veeramalla,iam-veeramalla/dummy-role,2024-06-06T13:15:41Z,32,32,HTML,true,true,
iam-veeramalla,iam-veeramalla/istio-guide,2024-04-24T06:41:50Z,143,143,,true,true,apache-2.0
iam-veeramalla,iam-veeramalla/argocd-hub-spoke-demo,2024-01-10T04:09:22Z,159,159,,true,false,apache-2.0
iam-veeramalla,iam-veeramalla/argo-cd,2020-11-27T11:24:01Z,199,199,,true,true,apache-2.0
iam-veeramalla,iam-veeramalla/argoproj,2023-05-10T06:56:14Z,116,116,Python,true,true,
iam-veeramalla,iam-veeramalla/devtron,2023-05-26T18:36:24Z,92,92,,true,true,apache-2.0
iam-veeramalla,iam-veeramalla/design_diagrams,2022-03-03T14:05:37Z,118,118,,true,true,
iam-veeramalla,iam-veeramalla/argo-rollouts-manager,2023-05-15T02:23:07Z,89,89,,true,true,apache-2.0
iam-veeramalla,iam-veeramalla/devops-project-ideas,2023-04-22T13:51:19Z,285,285,,true,true,mit
iam-veeramalla,iam-veeramalla/Golang-Zero-to-Hero,2023-02-27T11:55:47Z,240,240,,true,true,
iam-veeramalla,iam-veeramalla/k8s-crossplane-argocd,2022-07-25T19:21:27Z,127,127,,true,true,
iam-veeramalla,iam-veeramalla/k8s-kyverno-argocd,2023-02-19T05:45:11Z,202,202,,true,true,
iam-veeramalla,iam-veeramalla/cis-istio-integration,2020-05-25T17:58:57Z,79,79,Makefile,true,true,
iam-veeramalla,iam-veeramalla/argo-rollouts,2022-09-30T11:46:15Z,65,65,,true,false,apache-2.0
iam-veeramalla,iam-veeramalla/cicd-demo-golang,2022-01-03T16:47:45Z,83,83,Go,true,true,
iam-veeramalla,iam-veeramalla/argo-perf-test,2022-05-25T11:51:37Z,60,60,,true,true,
iam-veeramalla,iam-veeramalla/gitops-node-headers,2021-12-23T15:37:34Z,52,52,,true,true,
iam-veeramalla,iam-veeramalla/officeassistant,2020-07-25T07:35:13Z,42,42,JavaScript,true,true,
iam-veeramalla,iam-veeramalla/IPLPrediction,2020-07-22T17:28:40Z,38,38,,true,true,
in28minutes,in28minutes/spring-boot-master-class,2017-08-02T09:02:25Z,995,995,Java,true,true,
in28minutes,in28minutes/master-spring-and-spring-boot,2022-10-27T08:18:07Z,1359,1359,Java,true,true,
in28minutes,in28minutes/functional-programming-with-java,2019-10-11T20:24:48Z,354,354,Java,true,true,
in28minutes,in28minutes/in28minutes.com,2017-11-19T06:55:45Z,25,25,HTML,true,true,mit
in28minutes,in28minutes/course-material,2021-01-14T13:57:40Z,988,988,,true,true,
in28minutes,in28minutes/spring-microservices-v3,2023-02-21T06:52:45Z,303,303,JavaScript,true,true,
in28minutes,in28minutes/devops-master-class,2020-01-20T03:46:30Z,2300,2300,Java,true,true,
in28minutes,in28minutes/in28minutes,2022-03-02T02:31:20Z,10,10,,true,true,
in28minutes,in28minutes/camel,2021-01-18T11:47:36Z,83,83,JavaScript,true,true,
in28minutes,in28minutes/spring-boot-examples,2017-11-27T04:31:20Z,1245,1245,Java,true,true,
in28minutes,in28minutes/spring-complete-career-path,2017-10-24T13:02:56Z,45,45,Java,true,true,
in28minutes,in28minutes/jpa-with-hibernate,2017-08-21T05:17:23Z,656,656,Java,true,true,
in28minutes,in28minutes/MockitoTutorialForBeginners,2016-08-07T14:13:23Z,637,637,Java,true,true,mit
in28minutes,in28minutes/in28minutes.github.io,2017-01-18T03:06:09Z,172,172,HTML,true,true,mit
in28minutes,in28minutes/spring-boot-to-cloud,2020-03-01T13:51:40Z,31,31,Java,true,true,
in28minutes,in28minutes/kubernetes-crash-course,2019-11-10T15:01:09Z,330,330,Java,true,true,mit
in28minutes,in28minutes/SpringBootForBeginners,2017-01-02T08:57:38Z,630,630,Java,true,true,
in28minutes,in28minutes/JavaWebApplicationStepByStep,2015-12-22T08:01:10Z,541,541,Java,true,true,apache-2.0
in28minutes,in28minutes/SpringBootWebApplicationStepByStep,2017-01-05T06:38:29Z,266,266,Java,true,true,
in28minutes,in28minutes/spring-interview-guide,2017-08-01T10:13:10Z,717,717,JavaScript,true,true,mit
in28minutes,in28minutes/azure-devops-kubernetes-terraform-pipeline,2020-02-05T08:40:53Z,91,91,Java,true,true,
in28minutes,in28minutes/spring-master-class,2017-08-07T06:56:45Z,1156,1156,Java,true,true,
in28minutes,in28minutes/spring-microservices-v2,2021-01-07T08:48:57Z,751,751,JavaScript,true,true,
in28minutes,in28minutes/spring-microservices,2017-09-07T13:24:37Z,1800,1800,Java,true,true,mit
in28minutes,in28minutes/spring-web-services,2017-07-13T12:09:28Z,538,538,Java,true,true,mit
in28minutes,in28minutes/full-stack-with-angular-and-spring-boot,2018-11-08T14:21:38Z,619,619,Java,true,true,mit
in28minutes,in28minutes/roadmaps,2022-03-19T07:12:59Z,252,252,,true,true,
in28minutes,in28minutes/MavenIn28Minutes,2015-09-05T14:10:50Z,193,193,Java,true,true,mit
in28minutes,in28minutes/automation-testing-with-java-and-selenium,2018-08-31T04:16:01Z,196,196,HTML,true,true,
in28minutes,in28minutes/java-tutorial-for-beginners,2019-04-18T09:34:41Z,1396,1396,,true,true,
in28minutes,in28minutes/learning-paths-cloud-and-devops,2022-01-12T12:12:20Z,119,119,,true,true,
in28minutes,in28minutes/java-a-course-for-beginners,2018-01-26T07:08:09Z,1087,1087,JavaScript,true,true,mit
in28minutes,in28minutes/JavaInterviewQuestionsAndAnswers,2016-02-02T06:58:56Z,1055,1055,Java,true,true,
in28minutes,in28minutes/SpringMvcStepByStep,2015-12-23T13:09:44Z,835,835,Java,true,true,mit
in28minutes,in28minutes/java-best-practices,2016-10-02T12:06:26Z,1258,1258,,true,true,
in28minutes,in28minutes/spring-unit-testing-with-junit-and-mockito,2018-03-28T05:24:07Z,361,361,Java,true,true,mit
in28minutes,in28minutes/chartjs-chart-funnel,2023-08-30T05:03:41Z,1,1,,true,false,mit
in28minutes,in28minutes/in28minutes-initiatives,2017-10-27T04:43:03Z,599,599,,true,true,
in28minutes,in28minutes/jenkin-devops-microservice,2020-02-07T15:30:27Z,51,51,Java,true,true,
in28minutes,in28minutes/deploy-spring-boot-aws-eb,2019-07-08T09:38:26Z,161,161,Java,true,true,
in28minutes,in28minutes/cloud.in28minutes.com,2020-06-06T14:34:54Z,20,20,HTML,true,true,mit
in28minutes,in28minutes/JUnitIn28Minutes,2015-09-05T15:25:03Z,217,217,Java,true,true,mit
in28minutes,in28minutes/JavaObjectOrientedProgramming,2015-11-24T03:15:55Z,70,70,Java,true,true,
in28minutes,in28minutes/getting-started-in-5-steps,2017-06-23T08:19:05Z,155,155,JavaScript,true,true,
in28minutes,in28minutes/SpringIn28Minutes,2015-11-15T15:35:37Z,666,666,Java,true,true,mit
in28minutes,in28minutes/spring-boot-angular-fullstack-examples,2019-05-07T05:23:22Z,110,110,TypeScript,true,true,mit
in28minutes,in28minutes/full-stack-with-react-and-spring-boot,2019-03-07T16:11:10Z,610,610,Java,true,true,mit
in28minutes,in28minutes/spring-boot-vuejs-fullstack-examples,2019-05-07T05:32:05Z,57,57,Java,true,true,mit
in28minutes,in28minutes/spring-microservices-v3-old,2022-12-07T02:42:23Z,15,15,JavaScript,true,true,
in28minutes,in28minutes/deploy-spring-boot-to-azure,2019-10-23T13:47:45Z,83,83,Java,true,true,
stacksimplify,stacksimplify/azure-aks-kubernetes-masterclass,2020-07-23T02:40:38Z,666,666,HCL,true,true,
stacksimplify,stacksimplify/docker-add-fetch-url-demo,2024-10-14T05:57:25Z,0,0,,true,true,
stacksimplify,stacksimplify/aws-fargate-ecs-masterclass,2019-12-05T04:37:22Z,236,236,Java,true,true,
stacksimplify,stacksimplify/terraform-on-google-kubernetes-engine,2024-09-02T12:38:07Z,7,7,HCL,true,false,
stacksimplify,stacksimplify/terraform-gcp-gke-k8s-devops,2024-09-01T09:11:46Z,4,4,HCL,true,false,
stacksimplify,stacksimplify/terraform-gcp-gke-app-devops,2024-09-01T11:12:42Z,4,4,Smarty,true,false,
stacksimplify,stacksimplify/terraform-gcp-gke-infra-devops,2024-09-01T04:27:40Z,4,4,HCL,true,false,
stacksimplify,stacksimplify/springboot-buildingblocks,2019-07-27T04:04:42Z,40,40,Java,true,true,
stacksimplify,stacksimplify/google-kubernetes-engine,2023-02-26T05:47:02Z,141,141,HTML,true,true,
stacksimplify,stacksimplify/hashicorp-certified-terraform-associate,2021-03-15T07:10:13Z,611,611,HCL,true,true,
stacksimplify,stacksimplify/hashicorp-certified-terraform-associate-on-azure,2021-07-15T08:41:26Z,259,259,HCL,true,true,
stacksimplify,stacksimplify/kubernetes-fundamentals,2020-05-12T07:26:39Z,474,474,Java,true,true,
stacksimplify,stacksimplify/terraform-on-google-cloud,2024-07-11T13:48:29Z,17,17,HCL,true,false,
stacksimplify,stacksimplify/terraform-gcp-devops,2024-07-11T07:59:43Z,7,7,HCL,true,false,
stacksimplify,stacksimplify/temp2,2024-06-07T02:16:42Z,0,0,,true,true,
stacksimplify,stacksimplify/google-cloud-certifications,2024-05-13T07:59:13Z,40,40,Shell,true,false,
stacksimplify,stacksimplify/aws-eks-kubernetes-masterclass,2020-04-20T11:41:14Z,1400,1400,Java,true,true,
stacksimplify,stacksimplify/terraform-on-aws-ec2,2021-05-14T10:45:27Z,642,642,HCL,true,true,
stacksimplify,stacksimplify/terraform-on-azure-cloud,2021-09-03T15:27:32Z,244,244,HCL,true,true,
stacksimplify,stacksimplify/terraform-iacdevops-with-aws-codepipeline,2021-05-14T04:23:13Z,178,178,HCL,true,true,apache-2.0
stacksimplify,stacksimplify/terraform-on-aws-eks,2022-05-25T14:35:20Z,594,594,HCL,true,true,
stacksimplify,stacksimplify/helm-masterclass,2023-08-22T05:30:40Z,115,115,Smarty,true,false,
stacksimplify,stacksimplify/terraform-aws-s3-website,2021-03-09T10:55:35Z,41,41,HCL,true,true,other
stacksimplify,stacksimplify/terraform-azurerm-staticwebsitepublic,2021-07-09T07:13:55Z,21,21,HCL,true,true,other
stacksimplify,stacksimplify/docker-fundamentals,2019-11-20T10:00:06Z,450,450,HTML,true,true,
stacksimplify,stacksimplify/cloud-helm-charts,2023-08-29T06:39:34Z,14,14,Smarty,true,true,
stacksimplify,stacksimplify/azure-kubernetes-service-agic,2023-10-15T08:48:15Z,20,20,Shell,true,false,
stacksimplify,stacksimplify/helm-charts-repo,2023-08-22T01:25:31Z,28,28,Smarty,true,true,
stacksimplify,stacksimplify/helm-charts,2023-07-17T12:46:40Z,32,32,Smarty,true,true,
stacksimplify,stacksimplify/aws-cloudformation-simplified,2020-02-13T10:03:16Z,99,99,Shell,true,true,
stacksimplify,stacksimplify/azure-devops-github-acr-aks-app1,2020-10-24T05:22:16Z,121,121,HTML,true,true,
stacksimplify,stacksimplify/azure-devops-aks-kubernetes-terraform-pipeline,2020-12-02T04:16:46Z,144,144,HCL,true,true,
stacksimplify,stacksimplify/02-eb-usermgmt-frontend-reactjs,2019-11-02T12:13:48Z,8,8,JavaScript,true,true,
stacksimplify,stacksimplify/01-eb-usermgmt,2019-10-30T05:12:21Z,8,8,Java,true,true,
stacksimplify,stacksimplify/docker-hub-to-github-container-registry,2023-03-04T05:32:20Z,26,26,Shell,true,false,
stacksimplify,stacksimplify/terraform-on-azure-with-azure-devops,2021-08-30T04:53:23Z,81,81,HCL,true,true,
stacksimplify,stacksimplify/temp-repo,2021-11-04T09:14:14Z,3,3,,true,true,
stacksimplify,stacksimplify/terraform-sentinel-policies-azure,2021-07-13T05:27:41Z,22,22,HCL,true,true,apache-2.0
stacksimplify,stacksimplify/terraform-azurerm-staticwebsiteprivate,2021-07-10T09:30:50Z,16,16,HCL,true,true,apache-2.0
stacksimplify,stacksimplify/terraform-cloud-azure-demo1,2021-07-10T04:33:31Z,30,30,HCL,true,true,apache-2.0
stacksimplify,stacksimplify/terraform-azurerm-staticwebsitepb,2021-06-15T10:28:11Z,4,4,HCL,true,true,apache-2.0
stacksimplify,stacksimplify/temp1,2021-03-19T05:39:12Z,1,1,,true,true,
stacksimplify,stacksimplify/terraform-sentinel-policies,2021-03-11T06:35:05Z,33,33,HCL,true,true,
stacksimplify,stacksimplify/terraform-cloud-demo1,2021-03-06T10:21:03Z,30,30,HCL,true,true,apache-2.0
stacksimplify,stacksimplify/udemy-enroll,2019-12-04T07:06:15Z,11,11,,true,true,
stacksimplify,stacksimplify/springboot-security,2019-08-26T14:21:36Z,3,3,,true,true,
stacksimplify,stacksimplify/githubdemo,2019-04-22T12:15:51Z,4,4,Java,true,true,
thenaveensaggam,thenaveensaggam/next-dashboard,2024-09-24T15:43:52Z,0,0,TypeScript,true,true,
thenaveensaggam,thenaveensaggam/Bootstrap_4_Course,2019-10-23T10:05:23Z,9,9,HTML,true,true,
thenaveensaggam,thenaveensaggam/HTML_5_Course,2019-10-23T08:10:18Z,19,19,HTML,true,true,
thenaveensaggam,thenaveensaggam/contact-mgr-server-mern,2023-04-29T04:55:57Z,0,0,TypeScript,true,true,
thenaveensaggam,thenaveensaggam/react-contact-mgr,2023-04-29T05:07:46Z,2,2,HTML,true,true,
thenaveensaggam,thenaveensaggam/contact-mgr-json-9am,2023-04-19T05:19:40Z,0,0,TypeScript,true,true,
thenaveensaggam,thenaveensaggam/react-mern-9AM,2023-03-06T04:55:48Z,1,1,JavaScript,true,true,
thenaveensaggam,thenaveensaggam/contact-mgr-mern,2023-02-26T03:24:14Z,1,1,HTML,true,true,
thenaveensaggam,thenaveensaggam/contact-mgr-7am,2023-02-26T02:46:04Z,1,1,TypeScript,true,true,
thenaveensaggam,thenaveensaggam/contact-mgr-9pm,2023-01-26T16:54:39Z,1,1,TypeScript,true,true,
thenaveensaggam,thenaveensaggam/test-node,2022-11-27T13:56:07Z,1,1,TypeScript,true,true,
thenaveensaggam,thenaveensaggam/React-UI-One,2022-11-05T03:44:18Z,1,1,JavaScript,true,true,
thenaveensaggam,thenaveensaggam/react-social,2022-08-02T05:20:15Z,1,1,HTML,true,true,
thenaveensaggam,thenaveensaggam/React-Bootstrap-Crash-Course-2022,2022-03-19T07:12:04Z,8,8,JavaScript,true,true,
thenaveensaggam,thenaveensaggam/movie-catalogue,2022-03-15T02:20:03Z,2,2,JavaScript,true,true,
thenaveensaggam,thenaveensaggam/Vuex-Crash-Course-2022,2022-02-13T17:25:43Z,7,7,Vue,true,true,
thenaveensaggam,thenaveensaggam/react-redux-toolkit-crash-course-2022,2022-02-10T07:43:46Z,6,6,JavaScript,true,true,
thenaveensaggam,thenaveensaggam/React-Contact-Manager-CRUD,2022-01-29T18:06:04Z,6,6,HTML,true,true,
thenaveensaggam,thenaveensaggam/Bootstrap-5-crash-course-2022,2022-01-26T02:51:29Z,4,4,JavaScript,true,true,
thenaveensaggam,thenaveensaggam/icon-bars-menu,2022-01-25T02:09:49Z,1,1,HTML,true,true,
thenaveensaggam,thenaveensaggam/split-landing-page,2022-01-25T02:03:39Z,1,1,CSS,true,true,
thenaveensaggam,thenaveensaggam/animated-navbar,2022-01-24T08:45:59Z,2,2,HTML,true,true,
thenaveensaggam,thenaveensaggam/expanding-cards,2022-01-24T02:29:18Z,3,3,CSS,true,true,
thenaveensaggam,thenaveensaggam/HTML-tutorial-in-Telugu-2022,2022-01-09T02:22:58Z,4,4,HTML,true,true,
thenaveensaggam,thenaveensaggam/online-shopping,2021-07-13T13:54:31Z,7,7,HTML,true,true,
thenaveensaggam,thenaveensaggam/UI_Development_Course_Content,2017-12-26T08:26:36Z,33,33,,true,true,
thenaveensaggam,thenaveensaggam/Ultimate_Vacations_UiBrains,2020-04-15T08:32:43Z,7,7,HTML,true,true,
thenaveensaggam,thenaveensaggam/angular-online,2020-07-18T16:53:38Z,4,4,JavaScript,true,true,
thenaveensaggam,thenaveensaggam/react-online,2020-07-18T16:53:17Z,2,2,,true,true,
thenaveensaggam,thenaveensaggam/Company_Website_UiBrains,2020-04-14T09:35:45Z,6,6,HTML,true,true,
thenaveensaggam,thenaveensaggam/Dashboard_UiBrains,2020-04-14T08:45:04Z,6,6,HTML,true,true,
thenaveensaggam,thenaveensaggam/Hippi_Mobiles_UiBrains,2020-04-09T08:08:54Z,4,4,HTML,true,true,
thenaveensaggam,thenaveensaggam/Travel_Yari_Website_UiBrains,2020-04-08T10:49:18Z,6,6,HTML,true,true,
thenaveensaggam,thenaveensaggam/events-angular,2020-02-18T08:30:18Z,2,2,JavaScript,true,true,
thenaveensaggam,thenaveensaggam/UiBrains_Techno_Portal,2019-11-22T00:36:28Z,4,4,HTML,true,true,
thenaveensaggam,thenaveensaggam/CSS_3_Course,2019-10-30T16:36:27Z,12,12,HTML,true,true,
thenaveensaggam,thenaveensaggam/Node_Express_MongoDB_Course,2019-10-23T10:49:39Z,7,7,JavaScript,true,true,
thenaveensaggam,thenaveensaggam/JQuery_AJAX_Course,2019-10-23T09:11:35Z,4,4,HTML,true,true,
thenaveensaggam,thenaveensaggam/Angular_JS_Template,2019-06-20T12:01:43Z,9,9,HTML,true,true,
thenaveensaggam,thenaveensaggam/thenaveensaggam.github.io,2018-09-10T10:03:57Z,29,29,HTML,true,true,
thenaveensaggam,thenaveensaggam/JavaScript_Course,2019-01-23T23:48:16Z,23,23,HTML,true,true,
thenaveensaggam,thenaveensaggam/UI_BootCamp,2019-03-27T08:44:47Z,7,7,HTML,true,true,
thenaveensaggam,thenaveensaggam/AngularJS_Template,2018-09-23T05:16:20Z,18,18,HTML,true,true,
MadhavBahl,MadhavBahl/weatheready,2024-10-08T17:54:31Z,0,0,,true,true,
MadhavBahl,MadhavBahl/all-about-investments,2024-07-04T17:38:31Z,8,8,,true,false,
MadhavBahl,MadhavBahl/os-guest-lecture,2024-08-19T17:15:41Z,0,0,,true,true,
MadhavBahl,MadhavBahl/os-webinar,2020-10-02T03:23:07Z,0,0,JavaScript,true,true,
MadhavBahl,MadhavBahl/react-sprints,2023-05-25T16:16:52Z,2,2,JavaScript,true,true,
MadhavBahl,MadhavBahl/MadhavBahl.github.io,2021-05-23T06:07:56Z,1,1,JavaScript,true,true,
MadhavBahl,MadhavBahl/chatgpt-session,2023-04-03T12:34:23Z,0,0,HTML,true,true,
MadhavBahl,MadhavBahl/OperatingSystem-Algorithms,2017-11-08T14:23:28Z,25,25,C,true,true,mit
MadhavBahl,MadhavBahl/react-pokedex,2020-05-03T10:50:43Z,22,22,JavaScript,true,true,
MadhavBahl,MadhavBahl/Python-Scripts,2017-10-11T08:02:15Z,8,8,Python,true,true,mit
MadhavBahl,MadhavBahl/portfolio-resources,2020-07-17T16:04:55Z,3,3,JavaScript,true,true,
MadhavBahl,MadhavBahl/portfolio-old,2020-05-23T18:26:29Z,18,18,JavaScript,true,true,
MadhavBahl,MadhavBahl/name-startup,2020-05-09T15:14:10Z,4,4,JavaScript,true,true,
MadhavBahl,MadhavBahl/sample-react-app,2020-03-22T10:10:08Z,2,2,JavaScript,true,true,
MadhavBahl,MadhavBahl/Digital-Clock-Start-Screen,2020-01-03T13:21:36Z,0,0,JavaScript,true,true,
MadhavBahl,MadhavBahl/startup-name-generator,2019-11-08T04:59:48Z,17,17,JavaScript,true,true,
MadhavBahl,MadhavBahl/OOPS,2017-11-30T15:09:57Z,117,117,C,true,true,mit
MadhavBahl,MadhavBahl/graphql-starter,2022-08-20T18:01:56Z,0,0,JavaScript,true,true,
MadhavBahl,MadhavBahl/Extractive-Text-Summarizer,2019-08-14T17:58:23Z,5,5,Python,true,true,
MadhavBahl,MadhavBahl/pokeData,2020-05-01T17:50:07Z,0,0,JavaScript,true,true,
MadhavBahl,MadhavBahl/cryptop-boilerplate-nit,2022-02-27T08:00:23Z,0,0,CSS,true,true,
MadhavBahl,MadhavBahl/react-nit-trichy,2022-02-26T16:12:55Z,0,0,,true,true,
MadhavBahl,MadhavBahl/talks,2021-12-01T05:15:55Z,0,0,HTML,true,true,
MadhavBahl,MadhavBahl/swoc,2021-11-10T17:06:36Z,0,0,HTML,true,true,
MadhavBahl,MadhavBahl/vitrendz-roadmap,2021-10-16T06:00:09Z,0,0,JavaScript,true,true,
MadhavBahl,MadhavBahl/slides,2020-10-17T13:46:48Z,65,65,HTML,true,true,
MadhavBahl,MadhavBahl/hacktoberfest2021,2021-10-02T07:48:21Z,7,7,JavaScript,true,true,
MadhavBahl,MadhavBahl/Kickoff-To-Open-Source,2021-10-02T14:45:52Z,0,0,,true,true,
MadhavBahl,MadhavBahl/A-to-Z-Resources-for-Students,2018-10-24T18:13:30Z,30,30,,true,true,mit
MadhavBahl,MadhavBahl/newsletter,2021-05-02T16:05:27Z,0,0,,true,true,
MadhavBahl,MadhavBahl/pwa-starter,2021-04-07T14:05:34Z,1,1,JavaScript,true,true,
MadhavBahl,MadhavBahl/dailyjs,2019-12-10T15:21:10Z,68,68,JavaScript,true,true,
MadhavBahl,MadhavBahl/flashtype,2021-02-26T17:46:09Z,2,2,JavaScript,true,true,
MadhavBahl,MadhavBahl/knowledge-base,2020-12-17T04:10:56Z,3,3,,true,true,
MadhavBahl,MadhavBahl/minimal-mistakes,2021-01-23T19:38:06Z,0,0,,true,false,mit
MadhavBahl,MadhavBahl/flexbox-games,2021-01-05T16:55:20Z,1,1,,true,true,
MadhavBahl,MadhavBahl/Control-Yourself,2017-12-25T11:25:53Z,17,17,JavaScript,true,true,mit
MadhavBahl,MadhavBahl/speedy-type-boilerplate,2020-12-04T18:08:21Z,2,2,CSS,true,true,
MadhavBahl,MadhavBahl/speedy-type,2020-12-02T07:33:53Z,2,2,JavaScript,true,true,
MadhavBahl,MadhavBahl/portfolio-boilerplate,2020-11-25T15:37:57Z,2,2,JavaScript,true,true,
MadhavBahl,MadhavBahl/my-open-profile,2020-09-28T19:03:22Z,7,7,TypeScript,true,true,
MadhavBahl,MadhavBahl/Flutter-Simple-Weather,2020-10-15T16:24:48Z,26,26,Dart,true,true,
MadhavBahl,MadhavBahl/find-opensource-work,2020-10-10T14:31:46Z,6,6,JavaScript,true,true,
MadhavBahl,MadhavBahl/hello-worlds,2017-10-01T17:31:23Z,0,0,AppleScript,true,false,
MadhavBahl,MadhavBahl/ARDUINO-Projects,2017-06-17T05:33:28Z,31,31,C++,true,true,mit
MadhavBahl,MadhavBahl/prateekiiest,2020-09-28T07:12:19Z,0,0,,true,true,
MadhavBahl,MadhavBahl/flex,2020-04-10T18:26:22Z,4,4,HTML,true,true,mit
MadhavBahl,MadhavBahl/test-os-webinar,2020-04-26T06:32:59Z,0,0,HTML,true,true,
MadhavBahl,MadhavBahl/flexbox-webinar,2020-04-08T05:12:24Z,3,3,HTML,true,true,
MadhavBahl,MadhavBahl/startbootstrap-agency,2020-03-28T16:15:23Z,0,0,,true,true,mit
sivaprasadreddy,sivaprasadreddy/springboot-kubernetes-youtube-series,2022-06-21T10:58:14Z,34,34,Java,true,true,
sivaprasadreddy,sivaprasadreddy/jdev-simplify,2024-10-18T05:05:02Z,0,0,Kotlin,true,true,
sivaprasadreddy,sivaprasadreddy/spring-modular-monolith,2024-08-26T02:27:43Z,35,35,Java,true,false,apache-2.0
sivaprasadreddy,sivaprasadreddy/spring-realworld-conduit-api,2024-07-03T06:16:02Z,11,11,Java,true,false,mit
sivaprasadreddy,sivaprasadreddy/bootiful-blog,2024-10-23T10:12:37Z,2,2,Java,true,false,apache-2.0
sivaprasadreddy,sivaprasadreddy/langchain4j-demos,2024-02-19T13:05:24Z,3,3,Java,true,true,apache-2.0
sivaprasadreddy,sivaprasadreddy/testcontainers-samples,2022-08-07T04:57:55Z,56,56,Java,true,true,apache-2.0
sivaprasadreddy,sivaprasadreddy/spring-boot-microservices-course,2024-04-03T03:04:50Z,61,61,Java,true,true,apache-2.0
sivaprasadreddy,sivaprasadreddy/spring-boot-aws-kitchensink,2022-09-21T10:08:10Z,3,3,Java,true,true,
sivaprasadreddy,sivaprasadreddy/techbuzz,2023-01-11T04:07:29Z,48,48,Java,true,true,apache-2.0
sivaprasadreddy,sivaprasadreddy/spring-ai-samples,2024-01-28T10:57:13Z,6,6,Java,true,false,
sivaprasadreddy,sivaprasadreddy/modern-spring-boot,2024-02-01T09:42:43Z,10,10,Java,true,false,mit
sivaprasadreddy,sivaprasadreddy/generator-springboot,2019-07-25T10:03:14Z,223,223,Java,true,true,mit
sivaprasadreddy,sivaprasadreddy/must-know-java-libraries,2024-02-12T09:12:54Z,6,6,Java,true,false,apache-2.0
sivaprasadreddy,sivaprasadreddy/bookmarks-go,2021-12-02T11:34:42Z,1,1,Go,true,true,
sivaprasadreddy,sivaprasadreddy/bookmarks,2024-10-17T08:51:10Z,1,1,Java,true,true,
sivaprasadreddy,sivaprasadreddy/spring-petclinic,2024-10-01T13:27:58Z,0,0,CSS,true,false,apache-2.0
sivaprasadreddy,sivaprasadreddy/spring-boot-todolist,2020-05-06T11:15:26Z,7,7,Java,true,true,
sivaprasadreddy,sivaprasadreddy/start.spring.io,2024-10-07T11:48:20Z,0,0,,true,true,apache-2.0
sivaprasadreddy,sivaprasadreddy/javafest,2024-09-28T04:00:50Z,0,0,HTML,true,true,apache-2.0
sivaprasadreddy,sivaprasadreddy/intellij-idea-livestream-26-sept-2024,2024-09-27T12:13:15Z,5,5,Java,true,true,
sivaprasadreddy,sivaprasadreddy/progen,2023-11-04T03:15:01Z,14,14,Go,true,false,apache-2.0
sivaprasadreddy,sivaprasadreddy/intellij-live-templates,2022-07-13T06:07:39Z,33,33,,true,true,
sivaprasadreddy,sivaprasadreddy/guide,2024-09-04T06:50:28Z,0,0,,true,false,other
sivaprasadreddy,sivaprasadreddy/spring-modulith,2024-09-02T13:36:00Z,0,0,,true,false,apache-2.0
sivaprasadreddy,sivaprasadreddy/sivalabs-talks,2024-09-01T11:23:59Z,2,2,,true,false,apache-2.0
sivaprasadreddy,sivaprasadreddy/jhipster.github.io,2024-08-29T06:11:15Z,0,0,,true,false,
sivaprasadreddy,sivaprasadreddy/software-architecture-premier,2024-08-17T05:25:35Z,156,156,,true,false,apache-2.0
sivaprasadreddy,sivaprasadreddy/devzone,2020-11-07T03:36:25Z,26,26,Java,true,true,mit
sivaprasadreddy,sivaprasadreddy/spring-boot-tutorials,2016-02-18T04:50:28Z,65,65,JavaScript,true,true,apache-2.0
sivaprasadreddy,sivaprasadreddy/devjava-content,2024-09-04T06:44:18Z,0,0,,true,true,
sivaprasadreddy,sivaprasadreddy/streamlit-ollama-chatbot,2024-08-02T07:04:09Z,3,3,Python,true,true,
sivaprasadreddy,sivaprasadreddy/sivalabs-dev-notes,2014-10-16T11:08:16Z,11,11,,true,true,
sivaprasadreddy,sivaprasadreddy/spring-ai-geek-talk,2024-07-25T12:25:58Z,1,1,Java,true,false,mit
sivaprasadreddy,sivaprasadreddy/sivaprasadreddy,2020-07-10T01:31:42Z,1,1,,true,true,
sivaprasadreddy,sivaprasadreddy/intellij-samples,2024-09-04T06:59:14Z,0,0,,true,true,mit
sivaprasadreddy,sivaprasadreddy/sivalabs-learning-paths,2024-07-08T04:29:59Z,4,4,,true,true,
sivaprasadreddy,sivaprasadreddy/spring-style-docs,2024-06-23T01:41:21Z,5,5,Java,true,true,
sivaprasadreddy,sivaprasadreddy/tomato-architecture-spring-boot-demo,2024-06-21T11:21:33Z,46,46,Java,true,false,apache-2.0
sivaprasadreddy,sivaprasadreddy/backstage-templates,2024-06-16T03:19:48Z,0,0,Java,true,true,apache-2.0
sivaprasadreddy,sivaprasadreddy/sample-spring-boot-app,2024-06-16T06:16:08Z,1,1,Java,true,true,
sivaprasadreddy,sivaprasadreddy/sample-spring-boot-app-using-backstage,2024-06-16T04:05:08Z,0,0,Java,true,true,
sivaprasadreddy,sivaprasadreddy/spring-boot-microservices-series,2018-02-19T12:21:31Z,643,643,Java,true,true,mit
sivaprasadreddy,sivaprasadreddy/sivalabs-youtube-code-samples,2022-05-02T06:35:23Z,15,15,Java,true,true,
sivaprasadreddy,sivaprasadreddy/homebrew-progen,2023-11-09T04:35:27Z,0,0,Ruby,true,true,
sivaprasadreddy,sivaprasadreddy/bangalore-jug-modern-spring-boot,2024-04-25T02:02:53Z,2,2,Java,true,false,apache-2.0
sivaprasadreddy,sivaprasadreddy/springboot-learn-by-example,2016-06-11T13:24:19Z,75,75,SCSS,true,true,apache-2.0
sivaprasadreddy,sivaprasadreddy/spring-boot-application-template,2023-04-23T04:21:51Z,32,32,Java,true,false,apache-2.0
sivaprasadreddy,sivaprasadreddy/survey,2023-11-08T02:55:58Z,0,0,,true,false,mit
sivaprasadreddy,sivaprasadreddy/sivaprasadreddy.github.io,2019-04-05T05:53:26Z,0,0,HTML,true,true,
ashokitschool,ashokitschool/DevOps-Documents,2023-02-11T04:14:12Z,74,74,,true,true,
ashokitschool,ashokitschool/sb_rest_api_junit_app,2024-10-26T03:16:54Z,0,0,Java,true,true,
ashokitschool,ashokitschool/spring-boot-docker-app,2021-12-05T02:32:52Z,33,33,Java,true,true,
ashokitschool,ashokitschool/ReactJS_Docker_App,2022-11-30T04:03:30Z,2,2,JavaScript,true,true,
ashokitschool,ashokitschool/angular_docker_app,2023-08-07T14:44:32Z,3,3,TypeScript,true,true,
ashokitschool,ashokitschool/spring-boot-mysql-docker-compose,2022-10-02T07:24:39Z,10,10,Java,true,true,
ashokitschool,ashokitschool/ashokit_ecomm_store,2024-10-19T05:15:30Z,0,0,CSS,true,true,
ashokitschool,ashokitschool/01_products_api,2024-10-10T03:25:10Z,0,0,Java,true,true,
ashokitschool,ashokitschool/05_Notifications_API,2024-10-19T02:19:26Z,0,0,Java,true,true,
ashokitschool,ashokitschool/maven-web-app,2022-06-03T12:27:47Z,62,62,Java,true,true,
ashokitschool,ashokitschool/02_orders_api,2024-10-10T03:26:22Z,0,0,Java,true,true,
ashokitschool,ashokitschool/springboot_register_login_security,2024-10-10T06:00:36Z,0,0,Java,true,true,
ashokitschool,ashokitschool/SpringBoot_JWT_App,2024-02-13T01:16:03Z,5,5,Java,true,true,
ashokitschool,ashokitschool/04_admin_api,2024-10-11T02:49:45Z,0,0,Java,true,true,
ashokitschool,ashokitschool/03_customer_api,2024-10-10T03:27:23Z,0,0,Java,true,true,
ashokitschool,ashokitschool/Microservices_Zero_To_Hero,2024-09-14T06:50:41Z,15,15,Java,true,true,
ashokitschool,ashokitschool/configuration_properties,2022-08-23T02:06:43Z,3,3,,true,true,
ashokitschool,ashokitschool/contact_ui_ng_app,2022-12-15T16:27:27Z,7,7,TypeScript,true,true,
ashokitschool,ashokitschool/contact_backend_app,2022-12-15T16:35:02Z,9,9,Java,true,true,
ashokitschool,ashokitschool/SpringBoot-Rest-Swagger-App,2018-11-01T08:51:03Z,8,8,Java,true,true,
ashokitschool,ashokitschool/jrtp_27_app,2024-08-03T01:54:33Z,0,0,Java,true,true,
ashokitschool,ashokitschool/my_shared_libraries,2023-09-20T15:43:34Z,1,1,Groovy,true,true,
ashokitschool,ashokitschool/springboot_whatsapp_api_integration,2024-07-14T05:52:42Z,11,11,Java,true,true,
ashokitschool,ashokitschool/ui-app,2024-06-30T04:24:42Z,0,0,TypeScript,true,true,
ashokitschool,ashokitschool/backend_app,2024-07-01T16:15:47Z,1,1,Java,true,true,
ashokitschool,ashokitschool/ui_app,2024-06-24T03:32:00Z,1,1,TypeScript,true,true,
ashokitschool,ashokitschool/26_jrtp_workspace,2024-06-06T03:34:12Z,8,8,Java,true,true,
ashokitschool,ashokitschool/springboot_payment_gateway_integration,2024-06-23T03:09:24Z,4,4,Java,true,true,
ashokitschool,ashokitschool/sb_log_app,2024-03-11T03:12:33Z,2,2,Java,true,true,
ashokitschool,ashokitschool/SBMS-39,2024-02-14T05:37:10Z,11,11,Java,true,true,
ashokitschool,ashokitschool/springboot_file_upload_download,2024-05-24T02:07:28Z,2,2,Java,true,true,
ashokitschool,ashokitschool/html_crash_course,2024-04-13T06:39:00Z,0,0,HTML,true,true,
ashokitschool,ashokitschool/springboot_thyemleaf_app,2023-03-08T15:06:42Z,3,3,HTML,true,true,
ashokitschool,ashokitschool/python-flask-docker-app,2021-12-05T02:50:59Z,9,9,Python,true,true,
ashokitschool,ashokitschool/SpringBoot_Security_Register_Login,2024-02-08T04:00:13Z,4,4,Java,true,true,
ashokitschool,ashokitschool/Microservices_Security,2024-02-03T04:57:38Z,6,6,Java,true,true,
ashokitschool,ashokitschool/SpringBoot_Redis_Cloud_DB_App,2024-02-02T03:02:30Z,3,3,Java,true,true,
ashokitschool,ashokitschool/JRTP25-App2,2024-01-24T12:27:19Z,4,4,Java,true,false,
ashokitschool,ashokitschool/JRTP25-App1,2024-01-19T13:28:26Z,4,4,Java,true,true,
ashokitschool,ashokitschool/JAVA-MAVEN-WEB-APP,2018-10-12T09:15:00Z,7,7,Java,true,true,
ashokitschool,ashokitschool/IES-UI-App,2024-01-06T05:26:01Z,2,2,TypeScript,true,true,
ashokitschool,ashokitschool/angular_app,2024-01-02T06:26:35Z,1,1,TypeScript,true,true,
ashokitschool,ashokitschool/SAGA_Choreography_Implementation,2023-12-09T05:44:49Z,2,2,Java,true,true,
ashokitschool,ashokitschool/kubernetes_manifest_yml_files,2023-04-04T03:42:08Z,48,48,,true,true,
ashokitschool,ashokitschool/SpringBoot_3.x_JWT_App,2023-12-05T03:49:08Z,2,2,Java,true,true,
ashokitschool,ashokitschool/Springboot_Reactive_App,2023-11-30T12:12:13Z,2,2,Java,true,true,
ashokitschool,ashokitschool/Terraform_Projects,2023-11-20T13:39:01Z,3,3,HCL,true,true,
ashokitschool,ashokitschool/SBMS-Workspace,2023-08-11T03:19:51Z,5,5,JavaScript,true,true,
ashokitschool,ashokitschool/courses_web_app,2023-09-21T14:38:38Z,0,0,Java,true,true,
ashokitschool,ashokitschool/SB-REST-H2-DB-APP,2022-02-08T16:27:49Z,1,1,Java,true,true,
Shahzaib-D-Memon,Shahzaib-D-Memon/Scribble.github.io,2023-03-02T10:38:22Z,2,2,HTML,true,true,
Shahzaib-D-Memon,Shahzaib-D-Memon/Quiz-App,2024-06-28T06:29:35Z,1,1,JavaScript,true,true,
Shahzaib-D-Memon,Shahzaib-D-Memon/Tic-Tac-Toe-React,2024-07-30T07:45:21Z,0,0,,true,true,
Shahzaib-D-Memon,Shahzaib-D-Memon/Shahzaib-D-Memon,2022-11-07T11:02:25Z,4,4,,true,true,
Shahzaib-D-Memon,Shahzaib-D-Memon/Shahzaib-Portfolio.github.io,2023-01-01T06:16:28Z,7,7,HTML,true,true,
Shahzaib-D-Memon,Shahzaib-D-Memon/Library-Website.github.io,2023-02-10T14:57:36Z,3,3,HTML,true,true,
Shahzaib-D-Memon,Shahzaib-D-Memon/Monochrome-Motion.github.io,2023-04-28T11:23:36Z,5,5,HTML,true,true,
Shahzaib-D-Memon,Shahzaib-D-Memon/Academia.github.io,2023-07-31T07:40:23Z,1,1,HTML,true,true,
Shahzaib-D-Memon,Shahzaib-D-Memon/StreetTacos.github.io,2023-11-02T06:26:22Z,0,0,HTML,true,true,
Shahzaib-D-Memon,Shahzaib-D-Memon/TastyHasty.github.io,2023-09-01T07:35:07Z,1,1,HTML,true,true,
Shahzaib-D-Memon,Shahzaib-D-Memon/GuessWord.github.io,2023-10-08T07:08:49Z,1,1,JavaScript,true,true,
Shahzaib-D-Memon,Shahzaib-D-Memon/FYP-Attendance-System-with-Face-Recognition,2022-12-04T14:58:12Z,6,6,Python,true,true,
Shahzaib-D-Memon,Shahzaib-D-Memon/caesar-cipher-web,2023-12-12T19:56:03Z,1,1,CSS,true,true,
Shahzaib-D-Memon,Shahzaib-D-Memon/python-secure-password-manager,2023-12-13T11:34:41Z,1,1,Python,true,true,
Shahzaib-D-Memon,Shahzaib-D-Memon/caesar-cipher-python,2023-12-12T16:01:06Z,1,1,Python,true,true,
Shahzaib-D-Memon,Shahzaib-D-Memon/Random-Password-Generator.github.io,2022-11-18T12:17:16Z,4,4,CSS,true,true,
Shahzaib-D-Memon,Shahzaib-D-Memon/Facebook-Navbar,2023-01-21T07:37:01Z,4,4,CSS,true,true,
Shahzaib-D-Memon,Shahzaib-D-Memon/Quote-Generator.github.io,2022-09-12T15:15:19Z,3,3,JavaScript,true,true,
Shahzaib-D-Memon,Shahzaib-D-Memon/University-Landing-Page.github.io,2021-09-26T15:41:56Z,2,2,HTML,true,true,
Shahzaib-D-Memon,Shahzaib-D-Memon/Playo.github.io,2022-09-05T06:57:36Z,5,5,HTML,true,true,
Shahzaib-D-Memon,Shahzaib-D-Memon/Music-Player.github.io,2022-09-15T13:04:20Z,2,2,JavaScript,true,true,
Shahzaib-D-Memon,Shahzaib-D-Memon/Shape-Builder,2022-11-26T07:30:24Z,2,2,CSS,true,true,
Shahzaib-D-Memon,Shahzaib-D-Memon/Animated-Login-Page,2022-11-20T15:02:37Z,3,3,CSS,true,true,
Shahzaib-D-Memon,Shahzaib-D-Memon/HACKTOBERFEST22,2022-10-31T15:16:07Z,1,1,,true,true,
Shahzaib-D-Memon,Shahzaib-D-Memon/18CS-AI,2022-08-24T17:03:56Z,3,3,,true,true,
Shahzaib-D-Memon,Shahzaib-D-Memon/Hacktoberfest2021,2021-10-04T13:52:40Z,1,1,PHP,true,true,
Shahzaib-D-Memon,Shahzaib-D-Memon/18CS101_Lab13.github.io,2021-09-25T13:57:32Z,1,1,HTML,true,true,
Shahzaib-D-Memon,Shahzaib-D-Memon/it-cert-automation-practice,2021-08-05T15:36:39Z,2,2,,true,true,apache-2.0
Shahzaib-D-Memon,Shahzaib-D-Memon/Coursera,2021-08-05T14:56:49Z,1,1,Python,true,true,
Shahzaib-D-Memon,Shahzaib-D-Memon/Assignment3-Seylani-Homepage-wm13603,2020-05-08T18:39:08Z,2,2,JavaScript,true,true,
Shahzaib-D-Memon,Shahzaib-D-Memon/Saylani-HomePage,2020-05-08T11:45:56Z,1,1,JavaScript,true,true,
Shahzaib-D-Memon,Shahzaib-D-Memon/Shanks,2019-11-09T06:49:12Z,1,1,,true,true,
codewithdev,codewithdev/YouTube-Text-Transcript-AI,2024-10-20T22:06:34Z,0,0,Python,true,true,
codewithdev,codewithdev/financial-newsletter-agent,2024-10-23T19:53:59Z,0,0,Python,true,true,
codewithdev,codewithdev/codewithdev,2020-07-10T14:41:55Z,1,1,Python,true,true,
codewithdev,codewithdev/RAKO,2024-10-09T23:59:07Z,0,0,Python,true,true,
codewithdev,codewithdev/hosted-resume,2024-09-29T10:57:29Z,1,1,HTML,true,true,
codewithdev,codewithdev/x-feeds-analysis,2024-10-06T21:53:51Z,0,0,JavaScript,true,true,
codewithdev,codewithdev/Apache-Avro-Docs,2022-09-11T21:31:47Z,0,0,HTML,true,true,apache-2.0
codewithdev,codewithdev/actual-docs,2024-07-04T21:21:48Z,0,0,JavaScript,true,false,
codewithdev,codewithdev/gitbutler-docs,2024-06-04T22:38:23Z,0,0,,true,true,
codewithdev,codewithdev/typedoc-plugin-markdown,2024-06-07T08:34:11Z,0,0,,true,false,mit
codewithdev,codewithdev/UnBillIt-Transform-Your-Bills,2020-04-04T11:03:58Z,0,0,HTML,true,true,mit
codewithdev,codewithdev/mintlify-starter,2024-06-06T20:57:53Z,0,0,,true,false,
codewithdev,codewithdev/openai-cookbook,2024-05-20T18:23:29Z,0,0,,true,false,mit
codewithdev,codewithdev/omnigres,2024-05-09T12:55:58Z,0,0,,true,true,apache-2.0
codewithdev,codewithdev/Best-README-Template,2024-05-08T07:49:26Z,0,0,,true,true,mit
codewithdev,codewithdev/OpenVoice,2024-01-05T09:06:35Z,1,1,,true,true,other
codewithdev,codewithdev/flox,2024-01-05T08:57:08Z,0,0,,true,false,gpl-2.0
codewithdev,codewithdev/C-plus-plus-Algorithms,2020-05-26T03:46:16Z,34,34,C++,true,true,mit
codewithdev,codewithdev/matplotlib,2023-08-12T09:50:58Z,0,0,,true,true,
codewithdev,codewithdev/ISS-Tracker,2023-08-05T22:29:31Z,0,0,Python,true,true,
codewithdev,codewithdev/docs-2,2022-10-04T18:25:00Z,1,1,,true,true,
codewithdev,codewithdev/docs,2021-07-19T15:54:59Z,2,2,JavaScript,true,false,cc-by-4.0
codewithdev,codewithdev/sphinx-tags-feedstock,2022-10-17T09:28:56Z,0,0,,true,false,bsd-3-clause
codewithdev,codewithdev/docs-1,2021-10-01T20:37:48Z,0,0,SCSS,true,false,other
codewithdev,codewithdev/napari-docs,2022-10-16T12:21:05Z,0,0,,true,false,bsd-3-clause
codewithdev,codewithdev/india,2021-03-27T05:28:39Z,1,1,,true,true,cc0-1.0
codewithdev,codewithdev/docker.github.io,2022-09-24T19:58:38Z,0,0,,true,false,apache-2.0
codewithdev,codewithdev/MyST-Parser,2022-09-12T08:04:02Z,0,0,,true,false,mit
codewithdev,codewithdev/leerob.io,2022-08-14T11:40:05Z,2,2,,true,false,other
codewithdev,codewithdev/reactjs.org,2022-08-04T20:40:41Z,0,0,,true,false,cc-by-4.0
codewithdev,codewithdev/vscode-docs,2022-05-03T09:39:14Z,0,0,,true,true,other
codewithdev,codewithdev/lighthouse,2020-10-01T09:05:09Z,0,0,JavaScript,true,false,apache-2.0
codewithdev,codewithdev/expo,2021-12-06T07:20:40Z,0,0,,true,true,mit
codewithdev,codewithdev/Code-Snippets,2021-02-25T14:11:08Z,2,2,Python,true,true,
codewithdev,codewithdev/Gif-Search-Engine,2020-02-10T21:43:48Z,6,6,JavaScript,true,true,
codewithdev,codewithdev/blitzjs.com,2021-10-06T19:02:05Z,0,0,,true,false,mit
codewithdev,codewithdev/json-c,2021-10-06T19:02:40Z,0,0,,true,true,other
codewithdev,codewithdev/circleci-docs,2021-10-02T05:25:50Z,0,0,,true,true,
codewithdev,codewithdev/freeCodeCamp,2020-10-01T06:49:29Z,0,0,,true,false,bsd-3-clause
codewithdev,codewithdev/outline,2021-09-20T20:05:36Z,0,0,,true,false,other
codewithdev,codewithdev/sentry-docs,2021-08-24T19:20:59Z,0,0,,true,false,other
codewithdev,codewithdev/NASA-APOD-Viewer,2021-07-03T08:57:02Z,0,0,Python,true,true,
codewithdev,codewithdev/cpython,2021-06-15T12:30:47Z,0,0,,true,false,other
codewithdev,codewithdev/E-library,2021-02-19T12:32:59Z,0,0,PHP,true,true,gpl-3.0
codewithdev,codewithdev/kafka-streams-machine-learning-examples,2023-10-11T12:27:04Z,0,0,,true,true,apache-2.0
codewithdev,codewithdev/Route-Planner-Open-Street-Map,2020-10-11T10:56:03Z,0,0,C++,true,true,
codewithdev,codewithdev/github_app_boilerplate,2020-10-06T05:38:32Z,0,0,Python,true,true,apache-2.0
codewithdev,codewithdev/dreams,2020-10-01T14:53:07Z,0,0,HTML,true,true,mit
codewithdev,codewithdev/Amazon-SDE-Test-Series,2020-07-17T14:35:26Z,0,0,C++,true,true,apache-2.0
codewithdev,codewithdev/pandas_exercises,2020-10-01T09:54:12Z,0,0,,true,true,bsd-3-clause
NotHarshhaa,NotHarshhaa/DevOps-Projects,2023-08-09T04:19:38Z,735,735,TypeScript,true,true,
NotHarshhaa,NotHarshhaa/DevOps-Tool-Installer,2024-07-30T15:49:08Z,33,33,Shell,true,true,bsd-3-clause
NotHarshhaa,NotHarshhaa/DevOps_Setup-Installations,2023-09-08T11:39:28Z,99,99,,true,true,
NotHarshhaa,NotHarshhaa/prodevopsguy.hashnode.dev,2023-09-20T10:58:16Z,3,3,,true,true,
NotHarshhaa,NotHarshhaa/Kubernetes,2023-08-10T04:20:20Z,100,100,Dockerfile,true,true,
NotHarshhaa,NotHarshhaa/devops-cheatsheet,2024-08-21T14:56:19Z,50,50,,true,true,gpl-2.0
NotHarshhaa,NotHarshhaa/aws-billing-alert-terraform,2023-09-07T05:17:11Z,39,39,HCL,true,true,
NotHarshhaa,NotHarshhaa/Learning-Prometheus,2024-02-03T16:21:59Z,8,8,,true,true,
NotHarshhaa,NotHarshhaa/prodevopsguy.xyz,2024-05-23T09:57:28Z,3,3,Astro,true,true,mit
NotHarshhaa,NotHarshhaa/AWS-DevOps_Real-Time_Deployment,2023-10-26T09:44:07Z,20,20,HTML,true,true,
NotHarshhaa,NotHarshhaa/prodevopsguytech.com,2024-06-10T15:06:42Z,4,4,TypeScript,true,true,
NotHarshhaa,NotHarshhaa/Zomato-Clone,2023-12-21T03:52:53Z,4,4,JavaScript,true,true,
NotHarshhaa,NotHarshhaa/Jenkins-Terraform-AWS-Infra,2024-05-31T05:36:55Z,4,4,HCL,true,true,
NotHarshhaa,NotHarshhaa/ProDevOpsGuy-Log,2024-04-16T04:03:28Z,1,1,TypeScript,true,true,mit
NotHarshhaa,NotHarshhaa/ProDevOpGuy-Blog-Site,2024-04-01T13:39:17Z,1,1,HTML,true,true,
NotHarshhaa,NotHarshhaa/ProDevOpGuy-Web-Blog,2024-04-01T11:19:25Z,1,1,Astro,true,true,gpl-3.0
NotHarshhaa,NotHarshhaa/kubernetes-learning-path,2023-09-13T17:13:10Z,159,159,,true,true,
NotHarshhaa,NotHarshhaa/into-the-devops,2023-09-03T05:55:16Z,228,228,Python,true,true,
NotHarshhaa,NotHarshhaa/kubernetes-projects-learning,2024-02-14T16:07:31Z,136,136,,true,true,
NotHarshhaa,NotHarshhaa/Deployment-of-super-Mario-on-Kubernetes-using-terraform,2024-01-17T05:44:09Z,4,4,HCL,true,true,
NotHarshhaa,NotHarshhaa/boutique-assignment,2023-12-16T12:53:52Z,2,2,,true,true,
NotHarshhaa,NotHarshhaa/hardware_qcom-caf_sm8350_display,2023-07-24T15:33:45Z,2,2,C++,true,true,
NotHarshhaa,NotHarshhaa/cloud-native-monitoring-app,2023-09-20T17:38:24Z,4,4,Python,true,true,
NotHarshhaa,NotHarshhaa/AWS-EKS_Terraform,2023-09-17T06:03:15Z,13,13,HCL,true,true,
NotHarshhaa,NotHarshhaa/Certified_Kubernetes_Administrator,2023-09-14T06:19:21Z,67,67,,true,true,mit
NotHarshhaa,NotHarshhaa/devops-tools,2023-09-13T07:52:26Z,127,127,,true,true,
NotHarshhaa,NotHarshhaa/CI-CD_EKS-GitHub_Actions,2023-09-09T16:54:09Z,58,58,HCL,true,true,
NotHarshhaa,NotHarshhaa/kubernetes-dashboard,2023-09-04T13:21:01Z,38,38,JavaScript,true,true,
NotHarshhaa,NotHarshhaa/azure-all_in_one,2023-08-17T14:43:59Z,55,55,,true,true,agpl-3.0
NotHarshhaa,NotHarshhaa/AWS-Terraform-Workshop,2023-04-18T02:25:55Z,3,3,,true,true,gpl-2.0
NotHarshhaa,NotHarshhaa/tf-ecr-ecs-gh-deploy,2023-03-17T15:04:22Z,6,6,HCL,true,true,
NotHarshhaa,NotHarshhaa/eks-cluster-terraform,2023-03-11T15:18:17Z,53,53,HCL,true,true,
NotHarshhaa,NotHarshhaa/xGitspace,2022-10-28T07:18:41Z,1,1,Dockerfile,true,true,
NotHarshhaa,NotHarshhaa/SparkXcloud-Gdrive-MirrorBot,2022-10-24T06:09:25Z,2,2,Python,true,true,gpl-3.0
